Cruise,Date,Fixed_Station,Seq_Station,Gear,Species,Fish_Num,SL_mm,FL_mm,RNAlater?,RNA_Later_Vial,Sex,Maturity ,Evisc_Weight (g),Gut_Bagged?,Liver_Bagged?,Musc_Bagged?,Head_Bagged?,Frozen_Whole?,Comments
SKQ201713S,170830,2.2,5,mid_water,B.saida,1,94,100.5,y,5_1,na,na,na,n,n,n,n,y,
SKQ201713S,170830,2.2,5,mid_water,B.saida,2,84,89,y,5_2,na,na,na,n,n,n,n,y,
SKQ201713S,170902,4.5,51,mid_water,B.saida,1,253,278,n,,f,spent,164,y,y,y,y,n,
SKQ201713S,170902,4.5,51,mid_water,B.saida,2,156,177,n,,unknown,na,31,y,y,y,y,n,
SKQ201713S,170902,4.5,51,mid_water,B.saida,3,122,135,n,,unknown,na,16.5,y,y,y,y,n,
SKQ201713S,170902,4.5,51,mid_water,B.saida,4,255,288,n,,f?,?,187,y,y,y,y,n,twisty ovaries
SKQ201713S,170902,4.5,51,mid_water,B.saida,5,147,160,n,,f?,im,20,y,y,y,y,n,twisty nads
SKQ201713S,170902,4.5,51,mid_water,B.saida,6,122,134,n,,f?,?,14,y,y,y,y,n,twisty nads
SKQ201713S,170902,4.5,51,mid_water,B.saida,7,147,161,n,,f,im,22,y,y,y,y,n,
SKQ201713S,170902,4.5,51,mid_water,B.saida,8,108,118,n,,f,im,10,y,y,y,y,n,
SKQ201713S,170902,4.5,51,mid_water,B.saida,9,196,220,n,,f,?,54,y,y,y,y,n,early adult
SKQ201713S,170902,4.5,51,mid_water,B.saida,10,126,143,n,,f,?,17,y,y,y,y,n,twisty nads
SKQ201713S,170902,4.5,51,mid_water,B.saida,11,127,144,n,,f,im,15,n,y,y,y,n,no stomach (barotrauma)
SKQ201713S,170902,4.5,51,mid_water,B.saida,12,153,166,n,,f,?,21.5,y,y,y,y,n,twisty nads
SKQ201713S,170902,4.5,51,mid_water,B.saida,13,118,132,n,,f,?,15,y,y,y,y,n,twisty nads
SKQ201713S,170902,4.5,51,mid_water,B.saida,14,168,185,n,,f,?,31.5,y,y,y,y,n,twisty nads
SKQ201713S,170902,4.5,51,mid_water,B.saida,15,137,158,n,,f,im,22,y,y,y,y,n,
SKQ201713S,170902,4.5,51,mid_water,B.saida,16,136,149,n,,f,im,16,y,y,y,y,n,
SKQ201713S,170902,4.5,51,mid_water,B.saida,17,109,120,n,,f,im,12,n,y,y,y,n,
SKQ201713S,170902,4.5,51,mid_water,B.saida,18,128,141,n,,f,im,14.5,y,y,y,y,n,
SKQ201713S,170902,4.5,51,mid_water,B.saida,19,164,179,n,,f?,?,28,y,y,y,y,n,twisty nads
SKQ201713S,170902,4.5,51,mid_water,B.saida,20,165,180,n,,f,im,29,y,y,y,y,n,
SKQ201713S,170902,4.5,51,mid_water,B.saida,21,139,153,n,,f?,?,22,y,y,y,y,n,twisty nads
SKQ201713S,170902,4.5,51,mid_water,B.saida,22,257,280,n,,f,spent,197,y,y,y,y,n,
SKQ201713S,170902,4.5,51,mid_water,B.saida,23,163,174,n,,f,im/spent ?,28,y,y,y,y,n,
SKQ201713S,170902,4.5,51,mid_water,B.saida,24,148,167,n,,f,im/spent ?,25,y,y,y,y,n,
SKQ201713S,170902,4.5,51,mid_water,B.saida,25,147,165,n,,f,im/spent ?,22,y,y,y,y,n,
SKQ201713S,170902,4.5,51,mid_water,B.saida,26,136,152,n,,unknown,na,20,y,y,y,y,n,
SKQ201713S,170902,4.5,51,mid_water,B.saida,27,126,143,n,,f,im,13.5,n,y,y,y,n,
SKQ201713S,170902,4.5,51,mid_water,B.saida,28,126,141,n,,f?,?,15,y,y,y,y,n,twisty nads
SKQ201713S,170902,4.5,51,mid_water,B.saida,29,147,164,n,,f,im,22,y,y,y,y,n,
SKQ201713S,170902,4.5,51,mid_water,B.saida,30,118,133,n,,f?,?,13,y,y,y,y,n,
SKQ201713S,170902,4.5,51,mid_water,B.saida,31,146,166,n,,f,im,24,y,n,n,n,n,
SKQ201713S,170902,4.5,51,mid_water,B.saida,32,126,141,n,,f,?,15,n,n,n,n,n,twisty nads; no stomach
SKQ201713S,170902,4.5,51,mid_water,B.saida,33,142,159,n,,f,?,22,y,n,n,n,n,twisty nads
SKQ201713S,170902,4.5,51,mid_water,B.saida,34,122,136,n,,f,?,13,y,n,n,n,n,twisty nads
SKQ201713S,170902,4.5,51,mid_water,B.saida,35,147,168,n,,f?,?,26,y,n,n,n,n,twisty nads
SKQ201713S,170902,4.5,51,mid_water,B.saida,36,136,154,n,,f,?,21,y,n,n,n,n,twisty nads
SKQ201713S,170902,4.5,51,mid_water,B.saida,37,237,274,n,,m?,,174,y,n,n,n,n,twisty nads; made us think that twisty nads are male
SKQ201713S,170902,4.5,51,mid_water,B.saida,38,145,165,n,,?,,26,n,n,n,n,n,twisty nads; no stomach
SKQ201713S,170902,4.5,51,mid_water,B.saida,39,143,164,n,,f,im,23,y,n,n,n,n,
SKQ201713S,170902,4.5,51,mid_water,B.saida,40,151,169,n,,?,,28,y,n,n,n,n,twisty nads
SKQ201713S,170902,4.5,51,mid_water,B.saida,41,164,184,n,,f,im,34,y,n,n,n,n,
SKQ201713S,170902,4.5,51,mid_water,B.saida,42,252,282,n,,m,,188,y,n,n,n,n,twisty nads
SKQ201713S,170902,4.5,51,mid_water,B.saida,43,113,127,n,,,,15,y,n,n,n,n,twisty nads
SKQ201713S,170902,4.5,51,mid_water,B.saida,44,142,160,n,,,,21,y,n,n,n,n,twisty nads
SKQ201713S,170902,4.5,51,mid_water,B.saida,45,114,128,n,,,,14,y,n,n,n,n,twisty nads
SKQ201713S,170902,4.5,51,mid_water,B.saida,46,154,172,n,,f,im,26.5,y,n,n,n,n,
SKQ201713S,170902,4.5,51,mid_water,B.saida,47,143,162,n,,,,25,?,n,n,n,n,"twisty nads; data sheet says both ""frozen gut"" and ""no stomach"""
SKQ201713S,170902,4.5,51,mid_water,B.saida,48,121,136,n,,,,14,y,n,n,n,n,twisty nads
SKQ201713S,170902,4.5,51,mid_water,B.saida,49,141,158,n,,f,im,20,y,n,n,n,n,
SKQ201713S,170902,4.5,51,mid_water,B.saida,50,122,136.5,n,,,,13.5,y,n,n,n,n,twisty nads
SKQ201713S,170902,4.5,51,mid_water,B.saida,51,,167,,,,,,,,,,,
SKQ201713S,170902,4.5,51,mid_water,B.saida,52,,164,,,,,,,,,,,
SKQ201713S,170902,4.5,51,mid_water,B.saida,53,,130,,,,,,,,,,,
SKQ201713S,170902,4.5,51,mid_water,B.saida,54,,124,,,,,,,,,,,
SKQ201713S,170902,4.5,51,mid_water,B.saida,55,,122,,,,,,,,,,,
SKQ201713S,170902,4.5,51,mid_water,B.saida,56,,99,,,,,,,,,,,
SKQ201713S,170902,4.5,51,mid_water,B.saida,57,,154,,,,,,,,,,,
SKQ201713S,170902,4.5,51,mid_water,B.saida,58,,138,,,,,,,,,,,
SKQ201713S,170902,4.5,51,mid_water,B.saida,59,,105,,,,,,,,,,,
SKQ201713S,170902,4.5,51,mid_water,B.saida,60,,140,,,,,,,,,,,
SKQ201713S,170902,4.5,51,mid_water,B.saida,61,,141,,,,,,,,,,,
SKQ201713S,170902,4.5,51,mid_water,B.saida,62,,88,,,,,,,,,,,
SKQ201713S,170902,4.5,51,mid_water,B.saida,63,,143,,,,,,,,,,,
SKQ201713S,170902,4.5,51,mid_water,B.saida,64,,132,,,,,,,,,,,
SKQ201713S,170902,4.5,51,mid_water,B.saida,65,,109,,,,,,,,,,,
SKQ201713S,170902,4.5,51,mid_water,B.saida,66,,101,,,,,,,,,,,
SKQ201713S,170902,4.5,51,mid_water,B.saida,67,,97,,,,,,,,,,,
SKQ201713S,170902,4.5,51,mid_water,B.saida,68,,135,,,,,,,,,,,
SKQ201713S,170902,4.5,51,mid_water,B.saida,69,,159,,,,,,,,,,,
SKQ201713S,170902,4.5,51,mid_water,B.saida,70,,150,,,,,,,,,,,
SKQ201713S,170902,4.5,51,mid_water,B.saida,71,,139,,,,,,,,,,,
SKQ201713S,170902,4.5,51,mid_water,B.saida,72,,128,,,,,,,,,,,
SKQ201713S,170902,4.5,51,mid_water,B.saida,73,,96,,,,,,,,,,,
SKQ201713S,170902,4.5,51,mid_water,B.saida,74,,165,,,,,,,,,,,
SKQ201713S,170902,4.5,51,mid_water,B.saida,75,,105,,,,,,,,,,,
SKQ201713S,170902,4.5,51,mid_water,B.saida,76,,166,,,,,,,,,,,
SKQ201713S,170902,4.5,51,mid_water,B.saida,77,,198,,,,,,,,,,,
SKQ201713S,170902,4.5,51,mid_water,B.saida,78,,132,,,,,,,,,,,
SKQ201713S,170902,4.5,51,mid_water,B.saida,79,,146,,,,,,,,,,,
SKQ201713S,170902,4.5,51,mid_water,B.saida,80,,147,,,,,,,,,,,
SKQ201713S,170902,4.5,51,mid_water,B.saida,81,,156,,,,,,,,,,,
SKQ201713S,170902,4.5,51,mid_water,B.saida,82,,142,,,,,,,,,,,
SKQ201713S,170902,4.5,51,mid_water,B.saida,83,,98,,,,,,,,,,,
SKQ201713S,170902,4.5,51,mid_water,B.saida,84,,154,,,,,,,,,,,
SKQ201713S,170902,4.5,51,mid_water,B.saida,85,,124,,,,,,,,,,,
SKQ201713S,170902,4.5,51,mid_water,B.saida,86,,96,,,,,,,,,,,
SKQ201713S,170902,4.5,51,mid_water,B.saida,87,,111,,,,,,,,,,,
SKQ201713S,170902,4.5,51,mid_water,B.saida,88,,128,,,,,,,,,,,
SKQ201713S,170902,4.5,51,mid_water,B.saida,89,,115,,,,,,,,,,,
SKQ201713S,170902,4.5,51,mid_water,B.saida,90,,132,,,,,,,,,,,
SKQ201713S,170902,4.5,51,mid_water,B.saida,91,,156,,,,,,,,,,,
SKQ201713S,170902,4.5,51,mid_water,B.saida,92,,128,,,,,,,,,,,
SKQ201713S,170902,4.5,51,mid_water,B.saida,93,,143,,,,,,,,,,,
SKQ201713S,170902,4.5,51,mid_water,B.saida,94,,154,,,,,,,,,,,
SKQ201713S,170902,4.5,51,mid_water,B.saida,95,,171,,,,,,,,,,,
SKQ201713S,170902,4.5,51,mid_water,B.saida,96,,138,,,,,,,,,,,
SKQ201713S,170902,4.5,51,mid_water,B.saida,97,,131,,,,,,,,,,,
SKQ201713S,170902,4.5,51,mid_water,B.saida,98,,137,,,,,,,,,,,
SKQ201713S,170902,4.5,51,mid_water,B.saida,99,,147,,,,,,,,,,,
SKQ201713S,170902,4.5,51,mid_water,B.saida,100,,102,,,,,,,,,,,
SKQ201713S,170903,3.4,64,mid_water,B.saida,1,134,149,y,64-1,f,im,18,y,y,y,y,n,
SKQ201713S,170903,3.4,64,mid_water,B.saida,2,204,227,y,64-2,f,spent,55,y,y,y,y,n,
SKQ201713S,170903,3.4,64,mid_water,B.saida,3,136,152,y,64-3,f,im,18,y,y,y,y,n,
SKQ201713S,170903,3.4,64,mid_water,B.saida,4,147,167,y,64-4,m,,27,y,y,y,y,n,twisty nads
SKQ201713S,170903,3.4,64,mid_water,B.saida,5,143,164,y,64-5,f,im,24,y,y,y,y,n,
SKQ201713S,170903,3.4,64,mid_water,B.saida,6,133,150,y,64-6,f,im,21,n,y,y,y,n,no stomach
SKQ201713S,170903,3.4,64,mid_water,B.saida,7,153,171,y,64-7,m,,28,y,y,y,y,n,twisty nads
SKQ201713S,170903,3.4,64,mid_water,B.saida,8,180,201,y,64-8,m,,46.5,y,y,y,y,n,twisty nads
SKQ201713S,170903,3.4,64,mid_water,B.saida,9,126,139,y,64-9,f,im,17,y,y,y,y,n,
SKQ201713S,170903,3.4,64,mid_water,B.saida,10,137,155,y,64-10,m,,21,y,y,y,y,n,"R/D sample taken at 19:52, ~7 mins since start; twisty nads"
SKQ201713S,170903,3.4,64,mid_water,B.saida,11,142,161,y,64-11,m,,23,n,y,y,y,n,twisty nads; no stomach
SKQ201713S,170903,3.4,64,mid_water,B.saida,12,152,169,y,64-12,f,im,26,y,y,y,y,n,
SKQ201713S,170903,3.4,64,mid_water,B.saida,13,154,171,y,64-13,m,,29,y,y,y,y,n,twisty nads
SKQ201713S,170903,3.4,64,mid_water,B.saida,14,155,173,y,64-14,m,,28,y,y,y,y,n,
SKQ201713S,170903,3.4,64,mid_water,B.saida,15,163,182,y,64-15,f,spent,35,y,y,y,y,n,
SKQ201713S,170903,3.4,64,mid_water,B.saida,16,133,152,y,64-16,m,,21,y,y,y,y,n,twisty nads
SKQ201713S,170903,3.4,64,mid_water,B.saida,17,152,172,y,64-17,f,im,24,y,y,y,y,n,
SKQ201713S,170903,3.4,64,mid_water,B.saida,18,127,140,y,64-18,f,im,15.5,y,y,y,y,n,
SKQ201713S,170903,3.4,64,mid_water,B.saida,19,153,173,y,64-19,f,im,25,y,y,y,y,n,
SKQ201713S,170903,3.4,64,mid_water,B.saida,20,143,161,y,64-20,m,,24,y,y,y,y,n,twisty nads
SKQ201713S,170903,3.4,64,mid_water,B.saida,21,233,260,y,64-21,f,dev,98,y,y,y,y,n,
SKQ201713S,170903,3.4,64,mid_water,B.saida,22,206,233,y,64-22,f,dev,72,y,y,y,y,n,
SKQ201713S,170903,3.4,64,mid_water,B.saida,23,134,154,y,64-23,f,im,23,y,y,y,y,n,
SKQ201713S,170903,3.4,64,mid_water,B.saida,24,156,177,y,64-24,m,,31,y,y,y,y,n,twisty nads
SKQ201713S,170903,3.4,64,mid_water,B.saida,25,152,172,y,64-25,f,im,25,y,y,y,y,n,
SKQ201713S,170903,3.4,64,mid_water,B.saida,26,127,143,y,64-26,m,,16,y,y,y,y,n,twisty nads
SKQ201713S,170903,3.4,64,mid_water,B.saida,27,134,151,y,64-27,m,,20,y,y,y,y,n,twisty nads
SKQ201713S,170903,3.4,64,mid_water,B.saida,28,127,143,y,64-28,f,im,15,y,y,y,y,n,
SKQ201713S,170903,3.4,64,mid_water,B.saida,29,153,171,y,64-29,m,,28.5,y,y,y,y,n,twisty nads
SKQ201713S,170903,3.4,64,mid_water,B.saida,30,146,163,y,64-30,f,im,27,y,y,y,y,n,
SKQ201713S,170903,3.4,64,mid_water,B.saida,31,132,144,n,,f,im,17,y,n,n,n,n,
SKQ201713S,170903,3.4,64,mid_water,B.saida,32,142,158,n,,f,im,23,y,n,n,n,n,
SKQ201713S,170903,3.4,64,mid_water,B.saida,33,113,127,n,,f,im,12,y,n,n,n,n,
SKQ201713S,170903,3.4,64,mid_water,B.saida,34,107,121,n,,m,,12,y,n,n,n,n,
SKQ201713S,170903,3.4,64,mid_water,B.saida,35,158,176,n,,f,im,29,y,n,n,n,n,
SKQ201713S,170903,3.4,64,mid_water,B.saida,36,143,162,n,,m,,23.5,y,n,n,n,n,
SKQ201713S,170903,3.4,64,mid_water,B.saida,37,132,146,n,,f,im,14,y,n,n,n,n,
SKQ201713S,170903,3.4,64,mid_water,B.saida,38,141,156,n,,f,im,23,y,n,n,n,n,
SKQ201713S,170903,3.4,64,mid_water,B.saida,39,122,135,n,,f,im,15,n,n,n,n,n,
SKQ201713S,170903,3.4,64,mid_water,B.saida,40,109,123,n,,f,im,11,y,n,n,n,n,
SKQ201713S,170903,3.4,64,mid_water,B.saida,41,122,142,n,,f,im,15,y,n,n,n,n,
SKQ201713S,170903,3.4,64,mid_water,B.saida,42,128,144,n,,m,,16,y,n,n,n,n,
SKQ201713S,170903,3.4,64,mid_water,B.saida,43,142,158,n,,unknown,,22,y,n,n,n,n,
SKQ201713S,170903,3.4,64,mid_water,B.saida,44,159,182,n,,f,im,33,y,n,n,n,n,
SKQ201713S,170903,3.4,64,mid_water,B.saida,45,118,135,n,,m,,15,y,n,n,n,n,
SKQ201713S,170903,3.4,64,mid_water,B.saida,46,142,161,n,,f,im,23,y,n,n,n,n,
SKQ201713S,170903,3.4,64,mid_water,B.saida,47,118,128,n,,f,im,13,y,n,n,n,n,
SKQ201713S,170903,3.4,64,mid_water,B.saida,48,173,195,n,,f,dev,44,y,n,n,n,n,
SKQ201713S,170903,3.4,64,mid_water,B.saida,49,133,151,n,,m,,20,y,n,n,n,n,
SKQ201713S,170903,3.4,64,mid_water,B.saida,50,137,155,n,,m,,21,y,n,n,n,n,
SKQ201713S,170903,3.4,64,mid_water,B.saida,51,,148,,,,,,,,,,,
SKQ201713S,170903,3.4,64,mid_water,B.saida,52,,188,,,,,,,,,,,
SKQ201713S,170903,3.4,64,mid_water,B.saida,53,,140,,,,,,,,,,,
SKQ201713S,170903,3.4,64,mid_water,B.saida,54,,134,,,,,,,,,,,
SKQ201713S,170903,3.4,64,mid_water,B.saida,55,,139,,,,,,,,,,,
SKQ201713S,170903,3.4,64,mid_water,B.saida,56,,133,,,,,,,,,,,
SKQ201713S,170903,3.4,64,mid_water,B.saida,57,,184,,,,,,,,,,,
SKQ201713S,170903,3.4,64,mid_water,B.saida,58,,177.5,,,,,,,,,,,
SKQ201713S,170903,3.4,64,mid_water,B.saida,59,,142,,,,,,,,,,,
SKQ201713S,170903,3.4,64,mid_water,B.saida,60,,140,,,,,,,,,,,
SKQ201713S,170903,3.4,64,mid_water,B.saida,61,,154,,,,,,,,,,,
SKQ201713S,170903,3.4,64,mid_water,B.saida,62,,149,,,,,,,,,,,
SKQ201713S,170903,3.4,64,mid_water,B.saida,63,,132,,,,,,,,,,,
SKQ201713S,170903,3.4,64,mid_water,B.saida,64,,161,,,,,,,,,,,
SKQ201713S,170903,3.4,64,mid_water,B.saida,65,,142,,,,,,,,,,,
SKQ201713S,170903,3.4,64,mid_water,B.saida,66,,127,,,,,,,,,,,
SKQ201713S,170903,3.4,64,mid_water,B.saida,67,,134,,,,,,,,,,,
SKQ201713S,170903,3.4,64,mid_water,B.saida,68,,168,,,,,,,,,,,
SKQ201713S,170903,3.4,64,mid_water,B.saida,69,,118,,,,,,,,,,,
SKQ201713S,170903,3.4,64,mid_water,B.saida,70,,187,,,,,,,,,,,
SKQ201713S,170903,3.4,64,mid_water,B.saida,71,,153,,,,,,,,,,,
SKQ201713S,170903,3.4,64,mid_water,B.saida,72,,143,,,,,,,,,,,
SKQ201713S,170903,3.4,64,mid_water,B.saida,73,,139,,,,,,,,,,,
SKQ201713S,170903,3.4,64,mid_water,B.saida,74,,164,,,,,,,,,,,
SKQ201713S,170903,3.4,64,mid_water,B.saida,75,,121,,,,,,,,,,,
SKQ201713S,170903,3.4,64,mid_water,B.saida,76,,159,,,,,,,,,,,
SKQ201713S,170903,3.4,64,mid_water,B.saida,77,,120,,,,,,,,,,,
SKQ201713S,170903,3.4,64,mid_water,B.saida,78,,133,,,,,,,,,,,
SKQ201713S,170903,3.4,64,mid_water,B.saida,79,,138,,,,,,,,,,,
SKQ201713S,170903,3.4,64,mid_water,B.saida,80,,146,,,,,,,,,,,
SKQ201713S,170903,3.4,64,mid_water,B.saida,81,,139,,,,,,,,,,,
SKQ201713S,170903,3.4,64,mid_water,B.saida,82,,147,,,,,,,,,,,
SKQ201713S,170903,3.4,64,mid_water,B.saida,83,,161,,,,,,,,,,,
SKQ201713S,170903,3.4,64,mid_water,B.saida,84,,171,,,,,,,,,,,
SKQ201713S,170903,3.4,64,mid_water,B.saida,85,,135,,,,,,,,,,,
SKQ201713S,170903,3.4,64,mid_water,B.saida,86,,121,,,,,,,,,,,
SKQ201713S,170903,3.4,64,mid_water,B.saida,87,,174,,,,,,,,,,,
SKQ201713S,170903,3.4,64,mid_water,B.saida,88,,158,,,,,,,,,,,
SKQ201713S,170903,3.4,64,mid_water,B.saida,89,,159,,,,,,,,,,,
SKQ201713S,170903,3.4,64,mid_water,B.saida,90,,137,,,,,,,,,,,
SKQ201713S,170903,3.4,64,mid_water,B.saida,91,,156,,,,,,,,,,,
SKQ201713S,170903,3.4,64,mid_water,B.saida,92,,93,,,,,,,,,,,
SKQ201713S,170903,3.4,64,mid_water,B.saida,93,,132,,,,,,,,,,,
SKQ201713S,170903,3.4,64,mid_water,B.saida,94,,165,,,,,,,,,,,
SKQ201713S,170903,3.4,64,mid_water,B.saida,95,,134,,,,,,,,,,,
SKQ201713S,170903,3.4,64,mid_water,B.saida,96,,130,,,,,,,,,,,
SKQ201713S,170903,3.4,64,mid_water,B.saida,97,,154,,,,,,,,,,,
SKQ201713S,170903,3.4,64,mid_water,B.saida,98,,142,,,,,,,,,,,
SKQ201713S,170903,3.4,64,mid_water,B.saida,99,,157,,,,,,,,,,,
SKQ201713S,170903,3.4,64,mid_water,B.saida,100,,119,,,,,,,,,,,
SKQ201713S,170904,2.3,74,mid_water,B.saida,1,122,133,y,74-1,m,,15.5,y,y,y,y,n,
SKQ201713S,170904,2.3,74,mid_water,B.saida,2,123,135,y,74-2,f,im,12.7,y,y,y,y,n,
SKQ201713S,170904,2.3,74,mid_water,B.saida,3,159,170,y,74-3,f,dev,24.7,y,y,y,y,n,
SKQ201713S,170904,2.3,74,mid_water,B.saida,4,144,162,y,74-4,f,im,23,y,y,y,y,n,
SKQ201713S,170904,2.3,74,mid_water,B.saida,5,132,147,y,74-5,m,,18,y,y,y,y,n,
SKQ201713S,170904,2.3,74,mid_water,B.saida,6,152,169,y,74-6,f,dev,30,y,y,y,y,n,
SKQ201713S,170904,2.3,74,mid_water,B.saida,7,137,156,y,74-7,f,dev,22.5,y,y,y,y,n,
SKQ201713S,170904,2.3,74,mid_water,B.saida,8,147,167,y,74-8,f,?,27,y,y,y,y,n,
SKQ201713S,170904,2.3,74,mid_water,B.saida,9,139,156,y,74-9,m,,23,y,y,y,y,n,
SKQ201713S,170904,2.3,74,mid_water,B.saida,10,134,151,y,74-10,f,im,18.3,n,y,y,y,n,no stomach
SKQ201713S,170904,2.3,74,mid_water,B.saida,11,158,177,y,74-11,f,dev,29,y,y,y,y,n,
SKQ201713S,170904,2.3,74,mid_water,B.saida,12,137,156,y,74-12,m,,22.6,y,y,y,y,n,
SKQ201713S,170904,2.3,74,mid_water,B.saida,13,111,125,y,74-13,f,im,12.8,y,y,y,y,n,
SKQ201713S,170904,2.3,74,mid_water,B.saida,14,158,177,y,74-14,f,dev,28.5,y,y,y,y,n,
SKQ201713S,170904,2.3,74,mid_water,B.saida,15,141,158,y,74-15,f,dev,22.8,y,y,y,y,n,
SKQ201713S,170904,2.3,74,mid_water,B.saida,16,134,149,y,74-16,m,,18.3,y,y,y,y,n,
SKQ201713S,170904,2.3,74,mid_water,B.saida,17,133,149,y,74-17,f,im,17.7,y,y,y,y,n,
SKQ201713S,170904,2.3,74,mid_water,B.saida,18,152,168,y,74-18,m,,25.5,y,y,y,y,n,
SKQ201713S,170904,2.3,74,mid_water,B.saida,19,127,143,y,74-19,f,im,17.2,y,y,y,y,n,
SKQ201713S,170904,2.3,74,mid_water,B.saida,20,166,185,y,74-20,f,dev,34,y,y,y,y,n,
SKQ201713S,170904,2.3,74,mid_water,B.saida,21,106,119,y,74-21,f,im,11.2,y,y,y,y,n,
SKQ201713S,170904,2.3,74,mid_water,B.saida,22,142,159,y,74-22,m,,22.9,y,y,y,y,n,
SKQ201713S,170904,2.3,74,mid_water,B.saida,23,143,162,y,74-23,f,dev,22.2,y,y,y,y,n,
SKQ201713S,170904,2.3,74,mid_water,B.saida,24,138,156,y,74-24,f,dev,20.8,y,y,y,y,n,
SKQ201713S,170904,2.3,74,mid_water,B.saida,25,132,147,y,74-25,m,,19.7,y,y,y,y,n,
SKQ201713S,170904,2.3,74,mid_water,B.saida,26,122,134,y,74-26,f,im,14.8,y,y,y,y,n,
SKQ201713S,170904,2.3,74,mid_water,B.saida,27,132,143,y,74-27,f,dev,19.4,y,y,y,y,n,
SKQ201713S,170904,2.3,74,mid_water,B.saida,28,152,170,y,74-28,f,dev,26.6,y,y,y,y,n,
SKQ201713S,170904,2.3,74,mid_water,B.saida,29,152,171,y,74-29,f,dev,27.5,y,y,y,y,n,
SKQ201713S,170904,2.3,74,mid_water,B.saida,30,163,185,y,74-30,f,dev,32.5,y,y,y,y,n,
SKQ201713S,170904,2.3,74,mid_water,B.saida,31,133,149,n,,m,,19.1,y,n,n,n,n,
SKQ201713S,170904,2.3,74,mid_water,B.saida,32,138,157,n,,f,dev,20.5,y,n,n,n,n,
SKQ201713S,170904,2.3,74,mid_water,B.saida,33,121,135,n,,f,im,16.1,y,n,n,n,n,
SKQ201713S,170904,2.3,74,mid_water,B.saida,34,143,167,n,,f,dev,22.9,y,n,n,n,n,
SKQ201713S,170904,2.3,74,mid_water,B.saida,35,117,133,n,,m,,14.8,y,n,n,n,n,
SKQ201713S,170904,2.3,74,mid_water,B.saida,36,113,129,n,,f,im,14,y,n,n,n,n,
SKQ201713S,170904,2.3,74,mid_water,B.saida,37,136,153,n,,f,im,21.4,y,n,n,n,n,
SKQ201713S,170904,2.3,74,mid_water,B.saida,38,117,133,n,,f,im,16.1,y,n,n,n,n,
SKQ201713S,170904,2.3,74,mid_water,B.saida,39,114,129,n,,m,,14.7,y,n,n,n,n,
SKQ201713S,170904,2.3,74,mid_water,B.saida,40,122,137,n,,m,,16,y,n,n,n,n,
SKQ201713S,170904,2.3,74,mid_water,B.saida,41,127,144,n,,f,im,19,y,n,n,n,n,
SKQ201713S,170904,2.3,74,mid_water,B.saida,42,123,138,n,,m,,14.6,y,n,n,n,n,
SKQ201713S,170904,2.3,74,mid_water,B.saida,43,136,157,n,,m,,24.3,y,n,n,n,n,
SKQ201713S,170904,2.3,74,mid_water,B.saida,44,139,147,n,,f,dev,17.2,y,n,n,n,n,
SKQ201713S,170904,2.3,74,mid_water,B.saida,45,124,139,n,,f,im,16.9,y,n,n,n,n,
SKQ201713S,170904,2.3,74,mid_water,B.saida,46,121,136,n,,m,,15.7,y,n,n,n,n,
SKQ201713S,170904,2.3,74,mid_water,B.saida,47,126,144,n,,f,im,18.2,y,n,n,n,n,
SKQ201713S,170904,2.3,74,mid_water,B.saida,48,156,177,n,,f,dev,28.6,y,n,n,n,n,
SKQ201713S,170904,2.3,74,mid_water,B.saida,49,154,180,n,,f,dev,31.4,y,n,n,n,n,
SKQ201713S,170904,2.3,74,mid_water,B.saida,50,146,166,n,,f,dev,26,y,n,n,n,n,
SKQ201713S,170904,2.3,74,mid_water,B.saida,51,,145,,,,,,,,,,,
SKQ201713S,170904,2.3,74,mid_water,B.saida,52,,154,,,,,,,,,,,
SKQ201713S,170904,2.3,74,mid_water,B.saida,53,,127,,,,,,,,,,,
SKQ201713S,170904,2.3,74,mid_water,B.saida,54,,126,,,,,,,,,,,
SKQ201713S,170904,2.3,74,mid_water,B.saida,55,,149,,,,,,,,,,,
SKQ201713S,170904,2.3,74,mid_water,B.saida,56,,154,,,,,,,,,,,
SKQ201713S,170904,2.3,74,mid_water,B.saida,57,,149,,,,,,,,,,,
SKQ201713S,170904,2.3,74,mid_water,B.saida,58,,117,,,,,,,,,,,
SKQ201713S,170904,2.3,74,mid_water,B.saida,59,,118,,,,,,,,,,,
SKQ201713S,170904,2.3,74,mid_water,B.saida,60,,146,,,,,,,,,,,
SKQ201713S,170904,2.3,74,mid_water,B.saida,61,,112,,,,,,,,,,,
SKQ201713S,170904,2.3,74,mid_water,B.saida,62,,119,,,,,,,,,,,
SKQ201713S,170904,2.3,74,mid_water,B.saida,63,,116,,,,,,,,,,,
SKQ201713S,170904,2.3,74,mid_water,B.saida,64,,146,,,,,,,,,,,
SKQ201713S,170904,2.3,74,mid_water,B.saida,65,,152,,,,,,,,,,,
SKQ201713S,170904,2.3,74,mid_water,B.saida,66,,137,,,,,,,,,,,
SKQ201713S,170904,2.3,74,mid_water,B.saida,67,,171,,,,,,,,,,,
SKQ201713S,170904,2.3,74,mid_water,B.saida,68,,131,,,,,,,,,,,
SKQ201713S,170904,2.3,74,mid_water,B.saida,69,,154,,,,,,,,,,,
SKQ201713S,170904,2.3,74,mid_water,B.saida,70,,153,,,,,,,,,,,
SKQ201713S,170904,2.3,74,mid_water,B.saida,71,,127,,,,,,,,,,,
SKQ201713S,170904,2.3,74,mid_water,B.saida,72,,158,,,,,,,,,,,
SKQ201713S,170904,2.3,74,mid_water,B.saida,73,,152,,,,,,,,,,,
SKQ201713S,170904,2.3,74,mid_water,B.saida,74,,136,,,,,,,,,,,
SKQ201713S,170904,2.3,74,mid_water,B.saida,75,,153,,,,,,,,,,,
SKQ201713S,170904,2.3,74,mid_water,B.saida,76,,139,,,,,,,,,,,
SKQ201713S,170904,2.3,74,mid_water,B.saida,77,,145,,,,,,,,,,,
SKQ201713S,170904,2.3,74,mid_water,B.saida,78,,127,,,,,,,,,,,
SKQ201713S,170904,2.3,74,mid_water,B.saida,79,,168,,,,,,,,,,,
SKQ201713S,170904,2.3,74,mid_water,B.saida,80,,128,,,,,,,,,,,
SKQ201713S,170904,2.3,74,mid_water,B.saida,81,,118,,,,,,,,,,,
SKQ201713S,170904,2.3,74,mid_water,B.saida,82,,154,,,,,,,,,,,
SKQ201713S,170904,2.3,74,mid_water,B.saida,83,,163,,,,,,,,,,,
SKQ201713S,170904,2.3,74,mid_water,B.saida,84,,167,,,,,,,,,,,
SKQ201713S,170904,2.3,74,mid_water,B.saida,85,,152,,,,,,,,,,,
SKQ201713S,170904,2.3,74,mid_water,B.saida,86,,150,,,,,,,,,,,
SKQ201713S,170904,2.3,74,mid_water,B.saida,87,,117,,,,,,,,,,,
SKQ201713S,170904,2.3,74,mid_water,B.saida,88,,103,,,,,,,,,,,
SKQ201713S,170904,2.3,74,mid_water,B.saida,89,,102,,,,,,,,,,,
SKQ201713S,170904,2.3,74,mid_water,B.saida,90,,147,,,,,,,,,,,
SKQ201713S,170904,2.3,74,mid_water,B.saida,91,,147,,,,,,,,,,,
SKQ201713S,170904,2.3,74,mid_water,B.saida,92,,103,,,,,,,,,,,
SKQ201713S,170904,2.3,74,mid_water,B.saida,93,,140,,,,,,,,,,,
SKQ201713S,170904,2.3,74,mid_water,B.saida,94,,121,,,,,,,,,,,
SKQ201713S,170904,2.3,74,mid_water,B.saida,95,,138,,,,,,,,,,,
SKQ201713S,170904,2.3,74,mid_water,B.saida,96,,101,,,,,,,,,,,
SKQ201713S,170904,2.3,74,mid_water,B.saida,97,,89,,,,,,,,,,,
SKQ201713S,170904,2.3,74,mid_water,B.saida,98,,94,,,,,,,,,,,
SKQ201713S,170904,2.3,74,mid_water,B.saida,99,,146,,,,,,,,,,,
SKQ201713S,170904,2.3,74,mid_water,B.saida,100,,87,,,,,,,,,,,
SKQ201713S,170905,4.4,83-C2,mid_water,B.saida,1,96,109,y,83-1,m,,9,y,y,y,y,n,
SKQ201713S,170905,4.4,83-C2,mid_water,B.saida,2,108,123,y,83-2,m,,12,y,y,y,y,n,
SKQ201713S,170905,4.4,83-C2,mid_water,B.saida,3,157,176,y,83-3,f,dev,29,y,y,y,y,n,
SKQ201713S,170905,4.4,83-C2,mid_water,B.saida,4,107,119,y,83-4,f,im,10.5,y,y,y,y,n,
SKQ201713S,170905,4.4,83-C2,mid_water,B.saida,5,133,151,y,83-5,f,im,18.5,y,y,y,y,n,
SKQ201713S,170905,4.4,83-C2,mid_water,B.saida,6,87,100,y,83-6,,,,n,n,n,n,y,in Stn 83-C2 gut bag
SKQ201713S,170905,4.4,83-C2,mid_water,B.saida,7,109,132,y,83-7,f,im,13,y,y,y,y,n,
SKQ201713S,170905,4.4,83-C2,mid_water,B.saida,8,88,101,y,83-8,f,im,7,y,y,y,y,n,
SKQ201713S,170905,4.4,83-C2,mid_water,B.saida,9,83,93,y,83-9,,,,n,n,n,n,y,
SKQ201713S,170905,4.4,83-C2,mid_water,B.saida,10,107,120,y,83-10,m,,10,y,y,y,y,n,
SKQ201713S,170905,4.4,83-C2,mid_water,B.saida,11,124,139,y,83-11,f,?,17,y,y,y,y,n,
SKQ201713S,170905,4.4,83-C2,mid_water,B.saida,12,122,138,y,83-12,m,,16,y,y,y,y,n,
SKQ201713S,170905,4.4,83-C2,mid_water,B.saida,13,87,96,y,83-13,,,,n,n,n,n,y,
SKQ201713S,170905,4.4,83-C2,mid_water,B.saida,14,107,133,y,83-14,m,,14,y,y,y,y,n,
SKQ201713S,170905,4.4,83-C2,mid_water,B.saida,15,88,102,y,83-15,,,,n,n,n,n,y,
SKQ201713S,170905,4.4,83-C2,mid_water,B.saida,16,83,94,y,83-16,,,,n,n,n,n,y,
SKQ201713S,170905,4.4,83-C2,mid_water,B.saida,17,107,119,y,83-17,m,,10,y,y,y,y,n,
SKQ201713S,170905,4.4,83-C2,mid_water,B.saida,18,88,100,y,83-18,,,,n,n,n,n,y,
SKQ201713S,170905,4.4,83-C2,mid_water,B.saida,19,118,131,y,83-19,f,im,13,y,y,y,y,n,
SKQ201713S,170905,4.4,83-C2,mid_water,B.saida,20,120,134,y,83-20,f,dev,14.5,y,y,y,y,n,
SKQ201713S,170905,4.4,83-C2,mid_water,B.saida,21,105,115,y,83-21,f,im,9.5,y,y,y,y,n,
SKQ201713S,170905,4.4,83-C2,mid_water,B.saida,22,124,136,y,83-22,m,,15.5,y,y,y,y,n,
SKQ201713S,170905,4.4,83-C2,mid_water,B.saida,23,125,133,y,83-23,m,,14.5,y,y,y,y,n,
SKQ201713S,170905,4.4,83-C2,mid_water,B.saida,24,90,97,y,83-24,,,,n,n,n,n,y,
SKQ201713S,170905,4.4,83-C2,mid_water,B.saida,25,100,108,y,83-25,m,,8,y,y,y,y,n,
SKQ201713S,170905,4.4,83-C2,mid_water,B.saida,26,91,99,y,83-26,m,,7,y,y,y,y,n,
SKQ201713S,170905,4.4,83-C2,mid_water,B.saida,27,87,95,y,83-27,,,,n,n,n,n,y,
SKQ201713S,170905,4.4,83-C2,mid_water,B.saida,28,137,146,y,83-28,m,,17,y,y,y,y,n,
SKQ201713S,170905,4.4,83-C2,mid_water,B.saida,29,115,125,y,83-29,unknown,,11.5,y,y,y,y,n,
SKQ201713S,170905,4.4,83-C2,mid_water,B.saida,30,129,140,y,83-30,f,dev,15,y,y,y,y,n,
SKQ201713S,170905,4.4,83-C2,mid_water,B.saida,31,90,97,n,,,,,n,n,n,n,y,
SKQ201713S,170905,4.4,83-C2,mid_water,B.saida,32,96,103,n,,unknown,,8,y,n,n,n,n,
SKQ201713S,170905,4.4,83-C2,mid_water,B.saida,33,90,98,n,,,,,n,n,n,n,y,
SKQ201713S,170905,4.4,83-C2,mid_water,B.saida,34,94,102,n,,unknown,,7,y,n,n,n,n,
SKQ201713S,170905,4.4,83-C2,mid_water,B.saida,35,86,94,n,,,,,n,n,n,n,y,
SKQ201713S,170905,4.4,83-C2,mid_water,B.saida,36,83,90,n,,,,,n,n,n,n,y,
SKQ201713S,170905,4.4,83-C2,mid_water,B.saida,37,85,92,n,,,,,n,n,n,n,y,
SKQ201713S,170905,4.4,83-C2,mid_water,B.saida,38,78,85,n,,,,,n,n,n,n,y,
SKQ201713S,170905,4.4,83-C2,mid_water,B.saida,39,84,92,n,,,,,n,n,n,n,y,
SKQ201713S,170905,4.4,83-C2,mid_water,B.saida,40,104,111,n,,f,im,9,y,n,n,n,n,
SKQ201713S,170905,4.4,83-C2,mid_water,B.saida,41,83,91,n,,,,,n,n,n,n,y,
SKQ201713S,170905,4.4,83-C2,mid_water,B.saida,42,87,94,n,,,,,n,n,n,n,y,
SKQ201713S,170905,4.4,83-C2,mid_water,B.saida,43,92,100,n,,m,,7,y,n,n,n,n,
SKQ201713S,170905,4.4,83-C2,mid_water,B.saida,44,83,90,n,,,,,n,n,n,n,y,
SKQ201713S,170905,4.4,83-C2,mid_water,B.saida,45,89,95,n,,,,,n,n,n,n,y,
SKQ201713S,170905,4.4,83-C2,mid_water,B.saida,46,89,97,n,,,,,n,n,n,n,y,
SKQ201713S,170905,4.4,83-C2,mid_water,B.saida,47,84,92,n,,,,,n,n,n,n,y,
SKQ201713S,170905,4.4,83-C2,mid_water,B.saida,48,76,82,n,,,,,n,n,n,n,y,
SKQ201713S,170905,4.4,83-C2,mid_water,B.saida,49,85,92,n,,,,,n,n,n,n,y,
SKQ201713S,170905,4.4,83-C2,mid_water,B.saida,50,81,87,n,,,,,n,n,n,n,y,
SKQ201713S,170905,4.4,83-C2,mid_water,B.saida,51,,85,,,,,,,,,,,
SKQ201713S,170905,4.4,83-C2,mid_water,B.saida,52,,80,,,,,,,,,,,
SKQ201713S,170905,4.4,83-C2,mid_water,B.saida,53,,75,,,,,,,,,,,
SKQ201713S,170905,4.4,83-C2,mid_water,B.saida,54,,90,,,,,,,,,,,
SKQ201713S,170905,4.4,83-C2,mid_water,B.saida,55,,77,,,,,,,,,,,
SKQ201713S,170905,4.4,83-C2,mid_water,B.saida,56,,89,,,,,,,,,,,
SKQ201713S,170905,4.4,83-C2,mid_water,B.saida,57,,95,,,,,,,,,,,
SKQ201713S,170905,4.4,83-C2,mid_water,B.saida,58,,83,,,,,,,,,,,
SKQ201713S,170905,4.4,83-C2,mid_water,B.saida,59,,64,,,,,,,,,,,
SKQ201713S,170905,4.4,83-C2,mid_water,B.saida,60,,88,,,,,,,,,,,
SKQ201713S,170905,4.4,83-C2,mid_water,B.saida,61,,94,,,,,,,,,,,
SKQ201713S,170905,4.4,83-C2,mid_water,B.saida,62,,84,,,,,,,,,,,
SKQ201713S,170905,4.4,83-C2,mid_water,B.saida,63,,95,,,,,,,,,,,
SKQ201713S,170905,4.4,83-C2,mid_water,B.saida,64,,90,,,,,,,,,,,
SKQ201713S,170905,4.4,83-C2,mid_water,B.saida,65,,88,,,,,,,,,,,
SKQ201713S,170905,4.4,83-C2,mid_water,B.saida,66,,75,,,,,,,,,,,
SKQ201713S,170905,4.4,83-C2,mid_water,B.saida,67,,84,,,,,,,,,,,
SKQ201713S,170905,4.4,83-C2,mid_water,B.saida,68,,79,,,,,,,,,,,
SKQ201713S,170905,4.4,83-C2,mid_water,B.saida,69,,82,,,,,,,,,,,
SKQ201713S,170905,4.4,83-C2,mid_water,B.saida,70,,55,,,,,,,,,,,
SKQ201713S,170905,4.4,83-C2,mid_water,B.saida,71,,83,,,,,,,,,,,
SKQ201713S,170905,4.4,83-C2,mid_water,B.saida,72,,90,,,,,,,,,,,
SKQ201713S,170905,4.4,83-C2,mid_water,B.saida,73,,135,,,,,,,,,,,
SKQ201713S,170905,4.4,83-C2,mid_water,B.saida,74,,80,,,,,,,,,,,
SKQ201713S,170905,4.4,83-C2,mid_water,B.saida,75,,90,,,,,,,,,,,
SKQ201713S,170905,4.4,83-C2,mid_water,B.saida,76,,76,,,,,,,,,,,
SKQ201713S,170905,4.4,83-C2,mid_water,B.saida,77,,87,,,,,,,,,,,
SKQ201713S,170905,4.4,83-C2,mid_water,B.saida,78,,75,,,,,,,,,,,
SKQ201713S,170905,4.4,83-C2,mid_water,B.saida,79,,84,,,,,,,,,,,
SKQ201713S,170905,4.4,83-C2,mid_water,B.saida,80,,84,,,,,,,,,,,
SKQ201713S,170905,4.4,83-C2,mid_water,B.saida,81,,84,,,,,,,,,,,
SKQ201713S,170905,4.4,83-C2,mid_water,B.saida,82,,79,,,,,,,,,,,
SKQ201713S,170905,4.4,83-C2,mid_water,B.saida,83,,102,,,,,,,,,,,
SKQ201713S,170905,4.4,83-C2,mid_water,B.saida,84,,78,,,,,,,,,,,
SKQ201713S,170905,4.4,83-C2,mid_water,B.saida,85,,77,,,,,,,,,,,
SKQ201713S,170905,4.4,83-C2,mid_water,B.saida,86,,82,,,,,,,,,,,
SKQ201713S,170905,4.4,83-C2,mid_water,B.saida,87,,85,,,,,,,,,,,
SKQ201713S,170905,4.4,83-C2,mid_water,B.saida,88,,83,,,,,,,,,,,
SKQ201713S,170905,4.4,83-C2,mid_water,B.saida,89,,81,,,,,,,,,,,
SKQ201713S,170905,4.4,83-C2,mid_water,B.saida,90,,81,,,,,,,,,,,
SKQ201713S,170905,4.4,83-C2,mid_water,B.saida,91,,92,,,,,,,,,,,
SKQ201713S,170905,4.4,83-C2,mid_water,B.saida,92,,80,,,,,,,,,,,
SKQ201713S,170905,4.4,83-C2,mid_water,B.saida,93,,79,,,,,,,,,,,
SKQ201713S,170905,4.4,83-C2,mid_water,B.saida,94,,90,,,,,,,,,,,
SKQ201713S,170905,4.4,83-C2,mid_water,B.saida,95,,87,,,,,,,,,,,
SKQ201713S,170905,4.4,83-C2,mid_water,B.saida,96,,90,,,,,,,,,,,
SKQ201713S,170905,4.4,83-C2,mid_water,B.saida,97,,85,,,,,,,,,,,
SKQ201713S,170905,4.4,83-C2,mid_water,B.saida,98,,85,,,,,,,,,,,
SKQ201713S,170905,4.4,83-C2,mid_water,B.saida,99,,77,,,,,,,,,,,
SKQ201713S,170905,4.4,83-C2,mid_water,B.saida,100,,78,,,,,,,,,,,
SKQ201713S,170909,2.3,146,mid_water,B.saida,1,82,92,y,146-1,,,,n,n,n,n,y,
SKQ201713S,170909,2.3,146,mid_water,B.saida,2,79,85,y,146-2,,,,n,n,n,n,y,
SKQ201713S,170909,2.3,146,mid_water,B.saida,3,89,102,y,146-3,,,,n,n,n,n,y,
SKQ201713S,170909,2.3,146,mid_water,B.saida,4,88,96,y,146-4,,,,n,n,n,n,y,
SKQ201713S,170909,2.3,146,mid_water,B.saida,5,77,87,y,146-5,,,,n,n,n,n,y,
SKQ201713S,170909,2.3,146,mid_water,B.saida,6,89,100,y,146-6,,,,n,n,n,n,y,
SKQ201713S,170909,2.3,146,mid_water,B.saida,7,81,92,y,146-7,,,,n,n,n,n,y,
SKQ201713S,170909,2.3,146,mid_water,B.saida,8,82,92,y,146-8,,,,n,n,n,n,y,
SKQ201713S,170909,2.3,146,mid_water,B.saida,9,74,83,y,146-9,,,,n,n,n,n,y,
SKQ201713S,170909,2.3,146,mid_water,B.saida,10,72,82,y,146-10,,,,n,n,n,n,y,
SKQ201713S,170909,2.3,146,mid_water,B.saida,11,77,89,y,146-11,,,,n,n,n,n,y,
SKQ201713S,170909,2.3,146,mid_water,B.saida,12,77,88,y,146-12,,,,n,n,n,n,y,
SKQ201713S,170909,2.3,146,mid_water,B.saida,13,83,96,y,146-13,,,,n,n,n,n,y,
SKQ201713S,170909,2.3,146,mid_water,B.saida,14,82,91,y,146-14,,,,n,n,n,n,y,
SKQ201713S,170909,2.3,146,mid_water,B.saida,15,74,88,y,146-15,,,,n,n,n,n,y,
SKQ201713S,170909,2.3,146,mid_water,B.saida,16,84,95,y,146-16,,,,n,n,n,n,y,
SKQ201713S,170909,2.3,146,mid_water,B.saida,17,80,92,y,146-17,,,,n,n,n,n,y,
SKQ201713S,170909,2.3,146,mid_water,B.saida,18,79,89,y,146-18,,,,n,n,n,n,y,
SKQ201713S,170909,2.3,146,mid_water,B.saida,19,,89,y,146-19,,,,n,n,n,n,y,
SKQ201713S,170909,2.3,146,mid_water,B.saida,20,,85,y,146-20,,,,n,n,n,n,y,
SKQ201713S,170909,2.3,146,mid_water,B.saida,21,,88,y,146-21,,,,n,n,n,n,y,
SKQ201713S,170909,2.3,146,mid_water,B.saida,22,,90,y,146-22,,,,n,n,n,n,y,
SKQ201713S,170909,2.3,146,mid_water,B.saida,23,73,82,y,146-23,,,,n,n,n,n,y,
SKQ201713S,170909,2.3,146,mid_water,B.saida,24,,87,y,146-24,,,,n,n,n,n,y,
SKQ201713S,170909,2.3,146,mid_water,B.saida,25,,83,y,146-25,,,,n,n,n,n,y,
SKQ201713S,170909,2.3,146,mid_water,B.saida,26,,88,y,146-26,,,,n,n,n,n,y,
SKQ201713S,170909,2.3,146,mid_water,B.saida,27,,88,y,146-27,,,,n,n,n,n,y,
SKQ201713S,170909,2.3,146,mid_water,B.saida,28,,81,y,146-28,,,,n,n,n,n,y,
SKQ201713S,170909,2.3,146,mid_water,B.saida,29,,78,y,146-29,,,,n,n,n,n,y,
SKQ201713S,170909,2.3,146,mid_water,B.saida,30,,75,y,146-30,,,,n,n,n,n,y,
SKQ201713S,170909,2.3,146,mid_water,B.saida,31,,86,n,,,,,n,n,n,n,y,
SKQ201713S,170909,2.3,146,mid_water,B.saida,32,,67,n,,,,,n,n,n,n,y,
SKQ201713S,170909,2.3,146,mid_water,B.saida,33,,63,n,,,,,n,n,n,n,y,
SKQ201713S,170909,2.3,146,mid_water,B.saida,34,,73,n,,,,,n,n,n,n,y,
SKQ201713S,170909,2.3,146,mid_water,B.saida,35,,60,n,,,,,n,n,n,n,y,
SKQ201713S,170909,2.3,146,mid_water,B.saida,36,,68,n,,,,,n,n,n,n,y,
SKQ201713S,170909,2.3,146,mid_water,B.saida,37,,52,n,,,,,n,n,n,n,y,
SKQ201713S,170909,2.3,146,mid_water,B.saida,38,,58,n,,,,,n,n,n,n,y,
SKQ201713S,170909,2.3,146,mid_water,B.saida,39,,46,n,,,,,n,n,n,n,y,
SKQ201713S,170909,2.3,146,mid_water,B.saida,40,,51,n,,,,,n,n,n,n,y,
SKQ201713S,170909,7.2,149,mid_water,B.saida,1,,166,y,149-1,m,,25.8,y,y,y,y,n,
SKQ201713S,170909,7.2,149,mid_water,B.saida,2,,99,y,149-2,,,,n,n,n,n,y,
SKQ201713S,170909,7.2,149,mid_water,B.saida,3,,130,y,149-3,unknown,,13.2,y,y,y,y,n,
SKQ201713S,170909,7.2,149,mid_water,B.saida,4,,106,y,149-4,,,,n,n,n,n,y,
SKQ201713S,170909,7.2,149,mid_water,B.saida,5,,104,y,149-5,,,,n,n,n,n,y,
SKQ201713S,170909,7.2,149,mid_water,B.saida,6,,102,y,149-6,,,,n,n,n,n,y,
SKQ201713S,170909,7.2,149,mid_water,B.saida,7,,105,y,149-7,,,,n,n,n,n,y,
SKQ201713S,170909,7.2,149,mid_water,B.saida,8,,105,y,149-8,,,,n,n,n,n,y,
SKQ201713S,170909,7.2,149,mid_water,B.saida,9,,98,y,149-9,,,,n,n,n,n,y,
SKQ201713S,170909,7.2,149,mid_water,B.saida,10,,97,y,149-10,,,,n,n,n,n,y,
SKQ201713S,170909,7.2,149,mid_water,B.saida,11,,102,y,149-11,,,,n,n,n,n,y,
SKQ201713S,170909,7.2,149,mid_water,B.saida,12,,91,y,149-12,,,,n,n,n,n,y,
SKQ201713S,170909,7.2,149,mid_water,B.saida,13,,98,y,149-13,,,,n,n,n,n,y,
SKQ201713S,170909,7.2,149,mid_water,B.saida,14,,87,y,149-14,,,,n,n,n,n,y,
SKQ201713S,170909,7.2,149,mid_water,B.saida,15,,89,y,149-15,,,,n,n,n,n,y,
SKQ201713S,170909,7.2,149,mid_water,B.saida,16,,101,y,149-16,,,,n,n,n,n,y,
SKQ201713S,170909,7.2,149,mid_water,B.saida,17,,95,y,149-17,,,,n,n,n,n,y,
SKQ201713S,170909,7.2,149,mid_water,B.saida,18,,103,y,149-18,,,,n,n,n,n,y,
SKQ201713S,170909,7.2,149,mid_water,B.saida,19,,106,y,149-19,,,,n,n,n,n,y,
SKQ201713S,170909,7.2,149,mid_water,B.saida,20,,87,y,149-20,,,,n,n,n,n,y,
SKQ201713S,170909,7.2,149,mid_water,B.saida,21,,99,y,149-21,,,,n,n,n,n,y,
SKQ201713S,170909,7.2,149,mid_water,B.saida,22,,89,y,149-22,,,,n,n,n,n,y,
SKQ201713S,170909,7.2,149,mid_water,B.saida,23,,99,y,149-23,,,,n,n,n,n,y,
SKQ201713S,170909,7.2,149,mid_water,B.saida,24,,90,y,149-24,,,,n,n,n,n,y,
SKQ201713S,170909,7.2,149,mid_water,B.saida,25,,91,y,149-25,,,,n,n,n,n,y,
SKQ201713S,170909,7.2,149,mid_water,B.saida,26,,93,y,149-26,,,,n,n,n,n,y,
SKQ201713S,170909,7.2,149,mid_water,B.saida,27,,93,y,149-27,,,,n,n,n,n,y,
SKQ201713S,170909,7.2,149,mid_water,B.saida,28,,98,y,149-28,,,,n,n,n,n,y,
SKQ201713S,170909,7.2,149,mid_water,B.saida,29,,77,y,149-29,,,,n,n,n,n,y,
SKQ201713S,170909,7.2,149,mid_water,B.saida,30,,78,y,149-30,,,,n,n,n,n,y,
SKQ201713S,170909,7.2,149,mid_water,B.saida,31,,134,n,,m,,15.0,y,n,y,y,n,
SKQ201713S,170909,7.2,149,mid_water,B.saida,32,,105,n,,f,im,8.7,y,n,y,y,n,
SKQ201713S,170909,7.2,149,mid_water,B.saida,33,,101,n,,,,,n,n,n,n,y,
SKQ201713S,170909,7.2,149,mid_water,B.saida,34,,86,n,,,,,n,n,n,n,y,
SKQ201713S,170910,6.3,162,mid_water,B.saida,1,,160,y,162-1,f,dev,24.5,y,y,y,y,n,
SKQ201713S,170910,6.3,162,mid_water,B.saida,2,,108,y,162-2,,,,n,n,n,n,y,
SKQ201713S,170910,6.3,162,mid_water,B.saida,3,,105,y,162-3,,,,n,n,n,n,y,
SKQ201713S,170910,6.3,162,mid_water,B.saida,4,,104,y,162-4,,,,n,n,n,n,y,
SKQ201713S,170910,6.3,162,mid_water,B.saida,5,,138,y,162-5,f,im,16.7,y,y,y,y,n,
SKQ201713S,170910,6.3,162,mid_water,B.saida,6,,98,y,162-6,,,,n,n,n,n,y,
SKQ201713S,170910,6.3,162,mid_water,B.saida,7,,111,y,162-7,m,,8.8,y,y,y,y,n,Damaged; body cavity punctured (liver slightly poking out before dissection); liver seemed quite small
SKQ201713S,170910,6.3,162,mid_water,B.saida,8,,88.5,y,162-8,,,,n,n,n,n,y,
SKQ201713S,170910,6.3,162,mid_water,B.saida,9,,101,y,162-9,,,,n,n,n,n,y,
SKQ201713S,170910,6.3,162,mid_water,B.saida,10,,96,y,162-10,,,,n,n,n,n,y,
SKQ201713S,170910,6.3,162,mid_water,B.saida,11,,98,y,162-11,,,,n,n,n,n,y,
SKQ201713S,170910,6.3,162,mid_water,B.saida,12,,91,y,162-12,,,,n,n,n,n,y,
SKQ201713S,170910,6.3,162,mid_water,B.saida,13,,90,y,162-13,,,,n,n,n,n,y,
SKQ201713S,170910,6.3,162,mid_water,B.saida,14,,90,y,162-14,,,,n,n,n,n,y,
SKQ201713S,170910,6.3,162,mid_water,B.saida,15,,97,y,162-15,,,,n,n,n,n,y,
SKQ201713S,170910,6.3,162,mid_water,B.saida,16,,94,y,162-16,,,,n,n,n,n,y,
SKQ201713S,170910,6.3,162,mid_water,B.saida,17,,101.5,y,162-17,,,,n,n,n,n,y,
SKQ201713S,170910,6.3,162,mid_water,B.saida,18,,96.5,y,162-18,,,,n,n,n,n,y,
SKQ201713S,170910,6.3,162,mid_water,B.saida,19,,99,y,162-19,,,,n,n,n,n,y,
SKQ201713S,170910,6.3,162,mid_water,B.saida,20,,86,y,162-20,,,,n,n,n,n,y,
SKQ201713S,170910,6.3,162,mid_water,B.saida,21,,87,y,162-21,,,,n,n,n,n,y,
SKQ201713S,170910,6.3,162,mid_water,B.saida,22,,88,y,162-22,,,,n,n,n,n,y,
SKQ201713S,170910,6.3,162,mid_water,B.saida,23,,91,y,162-23,,,,n,n,n,n,y,
SKQ201713S,170910,6.3,162,mid_water,B.saida,24,,82,y,162-24,,,,n,n,n,n,y,
SKQ201713S,170910,6.3,162,mid_water,B.saida,25,,82,y,162-25,,,,n,n,n,n,y,
SKQ201713S,170910,6.3,162,mid_water,B.saida,26,,88,y,162-26,,,,n,n,n,n,y,
SKQ201713S,170910,6.3,162,mid_water,B.saida,27,,83,y,162-27,,,,n,n,n,n,y,
SKQ201713S,170910,6.3,162,mid_water,B.saida,28,,80,y,162-28,,,,n,n,n,n,y,
SKQ201713S,170910,6.3,162,mid_water,B.saida,29,,59,y,162-29,,,,n,n,n,n,y,
SKQ201713S,170910,6.3,162,mid_water,B.saida,30,,51,y,162-30,,,,n,n,n,n,y,
SKQ201713S,170910,6.3,162,mid_water,snailfish,31,155,175,n,,,,,n,n,n,n,n,"Eviscerated and examined, discarded; no identifiable gut contents"
SKQ201713S,170910,6.3,162,mid_water,snailfish,32,173,200,n,,,,,n,n,n,n,n,"Eviscerated and examined, discarded; no identifiable gut contents"
SKQ201713S,170910,DVM,164,mid_water,B.saida,1,,89,n,,,,,n,n,n,n,Y,label incorrect: says 165; frozen whole after measurement 
SKQ201713S,170910,DVM,164,mid_water,B.saida,2,,107,n,,,,,n,n,n,n,Y,label incorrect: says 165; frozen whole after measurement 
SKQ201713S,170910,DVM,164,mid_water,B.saida,3,,86,n,,,,,n,n,n,n,Y,label incorrect: says 165; frozen whole after measurement 
SKQ201713S,170910,DVM,164,mid_water,B.saida,4,,60,n,,,,,n,n,n,n,Y,label incorrect: says 165; frozen whole after measurement 
SKQ201713S,170912,3.45,165,mid_water,B.saida,1,,184,Y,165-1,m,,33.1,Y,Y,Y,Y,n,label incorrect:says 166
SKQ201713S,170912,3.45,165,mid_water,B.saida,2,,142,Y,165-2,f,im,17.2,Y,Y,Y,Y,n,label incorrect:says 166
SKQ201713S,170912,3.45,165,mid_water,B.saida,3,,137,Y,165-3,f,dev,18.1,Y,Y,Y,Y,n,labels other than RNA/DNA incorrect:say 166
SKQ201713S,170912,3.45,165,mid_water,B.saida,4,,158,Y,165-4,f,dev,21.9,Y,Y,Y,Y,n,labels other than RNA/DNA incorrect:say 167
SKQ201713S,170912,3.45,165,mid_water,B.saida,5,,124,Y,165-5,m,,15.1,Y,Y,Y,Y,n,labels other than RNA/DNA incorrect:say 168
SKQ201713S,170912,3.45,165,mid_water,B.saida,6,,112,Y,165-6,f,im,10.3,Y,Y,Y,Y,n,labels other than RNA/DNA incorrect:say 169
SKQ201713S,170912,3.45,165,mid_water,B.saida,7,,163,Y,165-7,f,dev,21.5,Y,Y,Y,Y,n,labels other than RNA/DNA incorrect:say 170
SKQ201713S,170912,3.45,165,mid_water,B.saida,8,,147,Y,165-8,m,,17.5,Y,Y,Y,Y,n,labels other than RNA/DNA incorrect:say 171
SKQ201713S,170912,3.45,165,mid_water,B.saida,9,,106,Y,165-9,,,na,n,n,n,n,y,labels other than RNA/DNA incorrect:say 172
SKQ201713S,170912,3.45,165,mid_water,B.saida,10,,104,Y,165-10,,,na,n,n,n,n,y,labels other than RNA/DNA incorrect:say 173
SKQ201713S,170912,3.45,165,mid_water,B.saida,11,,101,Y,165-11,,,na,n,n,n,n,y,labels other than RNA/DNA incorrect:say 174
SKQ201713S,170912,3.45,165,mid_water,B.saida,12,,100,Y,165-12,,,na,n,n,n,n,y,labels other than RNA/DNA incorrect:say 175
SKQ201713S,170912,3.45,165,mid_water,B.saida,13,,102,Y,165-13,,,na,n,n,n,n,y,labels other than RNA/DNA incorrect:say 176
SKQ201713S,170912,3.45,165,mid_water,B.saida,14,,102,Y,165-14,,,na,n,n,n,n,y,labels other than RNA/DNA incorrect:say 177
SKQ201713S,170912,3.45,165,mid_water,B.saida,15,,106,Y,165-15,,,na,n,n,n,n,y,labels other than RNA/DNA incorrect:say 178
SKQ201713S,170912,3.45,165,mid_water,B.saida,16,,103,Y,165-16,,,na,n,n,n,n,y,labels other than RNA/DNA incorrect:say 179
SKQ201713S,170912,3.45,165,mid_water,B.saida,17,,98,Y,165-17,,,na,n,n,n,n,y,labels other than RNA/DNA incorrect:say 180
SKQ201713S,170912,3.45,165,mid_water,B.saida,18,,98,Y,165-18,,,na,n,n,n,n,y,labels other than RNA/DNA incorrect:say 181
SKQ201713S,170912,3.45,165,mid_water,B.saida,19,,94,Y,165-19,,,na,n,n,n,n,y,labels other than RNA/DNA incorrect:say 182
SKQ201713S,170912,3.45,165,mid_water,B.saida,20,,96,Y,165-20,,,na,n,n,n,n,y,labels other than RNA/DNA incorrect:say 183
SKQ201713S,170912,3.45,165,mid_water,B.saida,21,,94,Y,165-21,,,na,n,n,n,n,y,labels other than RNA/DNA incorrect:say 184
SKQ201713S,170912,3.45,165,mid_water,B.saida,22,,90,Y,165-22,,,na,n,n,n,n,y,labels other than RNA/DNA incorrect:say 185
SKQ201713S,170912,3.45,165,mid_water,B.saida,23,,89,Y,165-23,,,na,n,n,n,n,y,labels other than RNA/DNA incorrect:say 186
SKQ201713S,170912,3.45,165,mid_water,B.saida,24,,85,Y,165-24,,,na,n,n,n,n,y,labels other than RNA/DNA incorrect:say 187
SKQ201713S,170912,3.45,165,mid_water,B.saida,25,,109,Y,165-25,,,na,n,n,n,n,y,labels other than RNA/DNA incorrect:say 188
SKQ201713S,170912,3.45,165,mid_water,B.saida,26,,93,Y,165-26,,,na,n,n,n,n,y,labels other than RNA/DNA incorrect:say 189
SKQ201713S,170912,3.45,165,mid_water,B.saida,27,,85,Y,165-27,,,na,n,n,n,n,y,labels other than RNA/DNA incorrect:say 190
SKQ201713S,170912,3.45,165,mid_water,B.saida,28,,89,Y,165-28,,,na,n,n,n,n,y,labels other than RNA/DNA incorrect:say 191
SKQ201713S,170912,3.45,165,mid_water,B.saida,29,,92,Y,165-29,,,na,n,n,n,n,y,labels other than RNA/DNA incorrect:say 192
SKQ201713S,170913,ZZ15,182,mid_water,B.saida,1,,93,Y,182-1,,,na,n,n,n,n,y,small fish; all frozen whole 
SKQ201713S,170913,ZZ15,182,mid_water,B.saida,2,,95,Y,182-2,,,na,n,n,n,n,y,small fish; all frozen whole 
SKQ201713S,170913,ZZ15,182,mid_water,B.saida,3,,80,Y,182-3,,,na,n,n,n,n,y,small fish; all frozen whole 
SKQ201713S,170913,ZZ15,182,mid_water,B.saida,4,,79,Y,182-4,,,na,n,n,n,n,y,small fish; all frozen whole 
SKQ201713S,170913,ZZ15,182,mid_water,B.saida,5,,80,Y,182-5,,,na,n,n,n,n,y,small fish; all frozen whole 
SKQ201713S,170913,ZZ15,182,mid_water,B.saida,6,,89,Y,182-6,,,na,n,n,n,n,y,small fish; all frozen whole 
SKQ201713S,170913,ZZ15,182,mid_water,B.saida,7,,90,Y,182-7,,,na,n,n,n,n,y,small fish; all frozen whole 
SKQ201713S,170913,ZZ15,182,mid_water,B.saida,8,,89,Y,182-8,,,na,n,n,n,n,y,small fish; all frozen whole 
SKQ201713S,170913,ZZ15,182,mid_water,B.saida,9,,100,Y,182-9,,,na,n,n,n,n,y,small fish; all frozen whole 
SKQ201713S,170913,ZZ15,182,mid_water,B.saida,10,,99,Y,182-10,,,na,n,n,n,n,y,small fish; all frozen whole 
SKQ201713S,170914,ZZ15,182-C2,mid_water,B.saida,1,,194,y,182-C2-1,f,dev,46.0,y,y,y,y,n,
SKQ201713S,170914,ZZ15,182-C2,mid_water,B.saida,2,,158,y,182-C2-2,f,dev,23.9,y,y,y,y,n,
SKQ201713S,170914,ZZ15,182-C2,mid_water,B.saida,3,,151,y,182-C2-3,f,dev,22.9,y,y,y,y,n,
SKQ201713S,170914,ZZ15,182-C2,mid_water,B.saida,4,,143,y,182-C2-4,f,dev,20.5,y,y,y,y,n,
SKQ201713S,170914,ZZ15,182-C2,mid_water,B.saida,5,,157,y,182-C2-5,f,dev,25.3,y,y,y,y,n,
SKQ201713S,170914,ZZ15,182-C2,mid_water,B.saida,6,,172,y,182-C2-6,f,dev,29.9,y,y,y,y,n,
SKQ201713S,170914,ZZ15,182-C2,mid_water,B.saida,7,,163,y,182-C2-7,f,dev,24.4,y,y,y,y,n,
SKQ201713S,170914,ZZ15,182-C2,mid_water,B.saida,8,,175,y,182-C2-8,f,dev,27.4,y,y,y,y,n,
SKQ201713S,170914,ZZ15,182-C2,mid_water,B.saida,9,,159,y,182-C2-9,f,dev,22.5,y,y,y,y,n,
SKQ201713S,170914,ZZ15,182-C2,mid_water,B.saida,10,,182,y,182-C2-10,f,dev,32.9,y,y,y,y,n,
SKQ201713S,170914,ZZ15,182-C2,mid_water,B.saida,11,,166,y,182-C2-11,m,,25.9,y,y,y,y,n,
SKQ201713S,170914,ZZ15,182-C2,mid_water,B.saida,12,,179,y,182-C2-12,m,,30.7,y,y,y,y,n,
SKQ201713S,170914,ZZ15,182-C2,mid_water,B.saida,13,,134,y,182-C2-13,f,im,15.8,y,y,y,y,n,
SKQ201713S,170914,ZZ15,182-C2,mid_water,B.saida,14,,152,y,182-C2-14,m,,21.4,y,y,y,y,n,
SKQ201713S,170914,ZZ15,182-C2,mid_water,B.saida,15,,129,y,182-C2-15,m,,14.5,y,y,y,y,n,
SKQ201713S,170914,ZZ15,182-C2,mid_water,B.saida,16,,165,y,182-C2-16,f,dev,26.3,y,y,y,y,n,
SKQ201713S,170914,ZZ15,182-C2,mid_water,B.saida,17,,138,y,182-C2-17,m,,17.9,y,y,y,y,n,
SKQ201713S,170914,ZZ15,182-C2,mid_water,B.saida,18,,141,y,182-C2-18,m,,19.1,y,y,y,y,n,
SKQ201713S,170914,ZZ15,182-C2,mid_water,B.saida,19,,123,y,182-C2-19,unknown,,14.1,y,y,y,y,n,
SKQ201713S,170914,ZZ15,182-C2,mid_water,B.saida,20,,122,y,182-C2-20,f,im,12.9,y,y,y,y,n,
SKQ201713S,170914,ZZ15,182-C2,mid_water,B.saida,21,,182,y,182-C2-21,m,,31.9,y,y,y,y,n,
SKQ201713S,170914,ZZ15,182-C2,mid_water,B.saida,22,,111,y,182-C2-22,f,im,10.9,y,y,y,y,n,
SKQ201713S,170914,ZZ15,182-C2,mid_water,B.saida,23,,99,y,182-C2-23,m,,8.8,y,y,y,y,n,
SKQ201713S,170914,ZZ15,182-C2,mid_water,B.saida,24,,120,y,182-C2-24,f,im,11.9,y,y,y,y,n,
SKQ201713S,170914,ZZ15,182-C2,mid_water,B.saida,25,,91,y,182-C2-25,unknown,,7.1,y,y,y,y,n,
SKQ201713S,170914,ZZ15,182-C2,mid_water,B.saida,26,,105,y,182-C2-26,f,im,9.2,y,y,y,y,n,
SKQ201713S,170914,ZZ15,182-C2,mid_water,B.saida,27,,104,y,182-C2-27,unknown,,9.7,y,y,y,y,n,
SKQ201713S,170914,ZZ15,182-C2,mid_water,B.saida,28,,99,y,182-C2-28,f,im,8.1,y,y,y,y,n,
SKQ201713S,170914,ZZ15,182-C2,mid_water,B.saida,29,,122,y,182-C2-29,m,,12.2,y,y,y,y,n,
SKQ201713S,170914,ZZ15,182-C2,mid_water,B.saida,30,,121,y,182-C2-30,m,,11.8,n,y,y,y,n,no stomach (inverted)
SKQ201713S,170914,ZZ15,182-C2,mid_water,B.saida,31,,134,n,,m,,16.9,y,n,n,n,n,
SKQ201713S,170914,ZZ15,182-C2,mid_water,B.saida,32,,122,n,,m,,12.9,y,n,n,n,n,
SKQ201713S,170914,ZZ15,182-C2,mid_water,B.saida,33,,174,n,,f,dev,29.5,y,n,n,n,n,
SKQ201713S,170914,ZZ15,182-C2,mid_water,B.saida,34,,148,n,,f,dev,22.5,y,n,n,n,n,
SKQ201713S,170914,ZZ15,182-C2,mid_water,B.saida,35,,144,n,,m,,19.4,y,n,n,n,n,
SKQ201713S,170914,ZZ15,182-C2,mid_water,B.saida,36,,122,n,,m,,14.2,y,n,n,n,n,
SKQ201713S,170914,ZZ15,182-C2,mid_water,B.saida,37,,139,n,,m,,18.5,y,n,n,n,n,
SKQ201713S,170914,ZZ15,182-C2,mid_water,B.saida,38,,139,n,,f,im,17.3,y,n,n,n,n,
SKQ201713S,170914,ZZ15,182-C2,mid_water,B.saida,39,,124,n,,f,im,12.8,y,n,n,n,n,
SKQ201713S,170914,ZZ15,182-C2,mid_water,B.saida,40,,122,n,,unknown,,13.2,n,n,n,n,n,no stomach (inverted)
SKQ201713S,170914,ZZ15,182-C2,mid_water,B.saida,41,,144,n,,f,im,19.4,y,n,n,n,n,
SKQ201713S,170914,ZZ15,182-C2,mid_water,B.saida,42,,156,n,,f,dev,23.1,y,n,n,n,n,
SKQ201713S,170914,ZZ15,182-C2,mid_water,B.saida,43,,188,n,,f,dev,36.9,y,n,n,n,n,
SKQ201713S,170914,ZZ15,182-C2,mid_water,B.saida,44,,134,n,,m,,17.3,y,n,n,n,n,
SKQ201713S,170914,ZZ15,182-C2,mid_water,B.saida,45,,135,n,,f,dev,17.7,y,n,n,n,n,
SKQ201713S,170914,ZZ15,182-C2,mid_water,B.saida,46,,133,n,,m,,17.5,y,n,n,n,n,
SKQ201713S,170914,ZZ15,182-C2,mid_water,B.saida,47,,117,n,,f,im,12.1,y,n,n,n,n,
SKQ201713S,170914,ZZ15,182-C2,mid_water,B.saida,48,,139,n,,f,dev,17.6,y,n,n,n,n,
SKQ201713S,170914,ZZ15,182-C2,mid_water,B.saida,49,,136,n,,f,im,16.8,y,n,n,n,n,
SKQ201713S,170914,ZZ15,182-C2,mid_water,B.saida,50,,148,n,,m,,20.3,y,n,n,n,n,
SKQ201713S,170914,ZZ15,182-C2,mid_water,B.saida,51,,108,n,,,,,n,n,n,n,n,
SKQ201713S,170914,ZZ15,182-C2,mid_water,B.saida,52,,138,n,,,,,n,n,n,n,n,
SKQ201713S,170914,ZZ15,182-C2,mid_water,B.saida,53,,120,n,,,,,n,n,n,n,n,
SKQ201713S,170914,ZZ15,182-C2,mid_water,B.saida,54,,103,n,,,,,n,n,n,n,n,
SKQ201713S,170914,ZZ15,182-C2,mid_water,B.saida,55,,83,n,,,,,n,n,n,n,n,
SKQ201713S,170914,ZZ15,182-C2,mid_water,B.saida,56,,95,n,,,,,n,n,n,n,n,
SKQ201713S,170914,ZZ15,182-C2,mid_water,B.saida,57,,124,n,,,,,n,n,n,n,n,
SKQ201713S,170914,ZZ15,182-C2,mid_water,B.saida,58,,100,n,,,,,n,n,n,n,n,
SKQ201713S,170914,ZZ15,182-C2,mid_water,B.saida,59,,104,n,,,,,n,n,n,n,n,
SKQ201713S,170914,ZZ15,182-C2,mid_water,B.saida,60,,111,n,,,,,n,n,n,n,n,
SKQ201713S,170914,ZZ15,182-C2,mid_water,B.saida,61,,147,n,,,,,n,n,n,n,n,
SKQ201713S,170914,ZZ15,182-C2,mid_water,B.saida,62,,130,n,,,,,n,n,n,n,n,
SKQ201713S,170914,ZZ15,182-C2,mid_water,B.saida,63,,159,n,,,,,n,n,n,n,n,
SKQ201713S,170914,ZZ15,182-C2,mid_water,B.saida,64,,109,n,,,,,n,n,n,n,n,
SKQ201713S,170914,ZZ15,182-C2,mid_water,B.saida,65,,157,n,,,,,n,n,n,n,n,
SKQ201713S,170914,ZZ15,182-C2,mid_water,B.saida,66,,154,n,,,,,n,n,n,n,n,
SKQ201713S,170914,ZZ15,182-C2,mid_water,B.saida,67,,47,n,,,,,n,n,n,n,n,
SKQ201713S,170914,ZZ15,182-C2,mid_water,B.saida,68,,99,n,,,,,n,n,n,n,n,
SKQ201713S,170914,ZZ15,182-C2,mid_water,B.saida,69,,97,n,,,,,n,n,n,n,n,
SKQ201713S,170914,ZZ15,182-C2,mid_water,B.saida,70,,161,n,,,,,n,n,n,n,n,
SKQ201713S,170914,ZZ15,182-C2,mid_water,B.saida,71,,88,n,,,,,n,n,n,n,n,
SKQ201713S,170914,ZZ15,182-C2,mid_water,B.saida,72,,131,n,,,,,n,n,n,n,n,
SKQ201713S,170914,ZZ15,182-C2,mid_water,B.saida,73,,101,n,,,,,n,n,n,n,n,
SKQ201713S,170914,ZZ15,182-C2,mid_water,B.saida,74,,110,n,,,,,n,n,n,n,n,
SKQ201713S,170914,ZZ15,182-C2,mid_water,B.saida,75,,129,n,,,,,n,n,n,n,n,
SKQ201713S,170914,ZZ15,182-C2,mid_water,B.saida,76,,107,n,,,,,n,n,n,n,n,
SKQ201713S,170914,ZZ15,182-C2,mid_water,B.saida,77,,108,n,,,,,n,n,n,n,n,
SKQ201713S,170914,ZZ15,182-C2,mid_water,B.saida,78,,114,n,,,,,n,n,n,n,n,
SKQ201713S,170914,ZZ15,182-C2,mid_water,B.saida,79,,102,n,,,,,n,n,n,n,n,
SKQ201713S,170914,ZZ15,182-C2,mid_water,B.saida,80,,132,n,,,,,n,n,n,n,n,
SKQ201713S,170914,ZZ15,182-C2,mid_water,B.saida,81,,138,n,,,,,n,n,n,n,n,
SKQ201713S,170914,ZZ15,182-C2,mid_water,B.saida,82,,142,n,,,,,n,n,n,n,n,
SKQ201713S,170914,ZZ15,182-C2,mid_water,B.saida,83,,107,n,,,,,n,n,n,n,n,
SKQ201713S,170914,ZZ15,182-C2,mid_water,B.saida,84,,132,n,,,,,n,n,n,n,n,
SKQ201713S,170914,ZZ15,182-C2,mid_water,B.saida,85,,150,n,,,,,n,n,n,n,n,
SKQ201713S,170914,ZZ15,182-C2,mid_water,B.saida,86,,115,n,,,,,n,n,n,n,n,
SKQ201713S,170914,ZZ15,182-C2,mid_water,B.saida,87,,154,n,,,,,n,n,n,n,n,
SKQ201713S,170914,ZZ15,182-C2,mid_water,B.saida,88,,157,n,,,,,n,n,n,n,n,
SKQ201713S,170914,ZZ15,182-C2,mid_water,B.saida,89,,101,n,,,,,n,n,n,n,n,
SKQ201713S,170914,ZZ15,182-C2,mid_water,B.saida,90,,98,n,,,,,n,n,n,n,n,
SKQ201713S,170914,ZZ15,182-C2,mid_water,B.saida,91,,112,n,,,,,n,n,n,n,n,
SKQ201713S,170914,ZZ15,182-C2,mid_water,B.saida,92,,112,n,,,,,n,n,n,n,n,
SKQ201713S,170914,ZZ15,182-C2,mid_water,B.saida,93,,134,n,,,,,n,n,n,n,n,
SKQ201713S,170914,ZZ15,182-C2,mid_water,B.saida,94,,100,n,,,,,n,n,n,n,n,
SKQ201713S,170914,ZZ15,182-C2,mid_water,B.saida,95,,80,n,,,,,n,n,n,n,n,
SKQ201713S,170914,ZZ15,182-C2,mid_water,B.saida,96,,103,n,,,,,n,n,n,n,n,
SKQ201713S,170914,ZZ15,182-C2,mid_water,B.saida,97,,96,n,,,,,n,n,n,n,n,
SKQ201713S,170914,ZZ15,182-C2,mid_water,B.saida,98,,49,n,,,,,n,n,n,n,n,
SKQ201713S,170914,ZZ15,182-C2,mid_water,B.saida,99,,45,n,,,,,n,n,n,n,n,
SKQ201713S,170914,ZZ15,182-C2,mid_water,B.saida,100,,125,n,,,,,n,n,n,n,n,
SKQ201713S,170914,ZZ19,183,mid_water,B.saida,1,,151,y,183-1,f,dev,22.1,y,y,y,y,n,
SKQ201713S,170914,ZZ19,183,mid_water,B.saida,2,,128,y,183-2,f,dev,14.6,y,y,y,y,n,
SKQ201713S,170914,ZZ19,183,mid_water,B.saida,3,,124,y,183-3,f,im,13.6,y,y,y,y,n,
SKQ201713S,170914,ZZ19,183,mid_water,B.saida,4,,143,y,183-4,f,dev,18.9,y,y,y,y,n,
SKQ201713S,170914,ZZ19,183,mid_water,B.saida,5,,144,y,183-5,m,,18.7,y,y,y,y,n,
SKQ201713S,170914,ZZ19,183,mid_water,B.saida,6,,125,y,183-6,f,im,13.1,y,y,y,y,n,
SKQ201713S,170914,ZZ19,183,mid_water,B.saida,7,,94,y,183-7,f,im,7.9,y,y,y,y,n,
SKQ201713S,170914,ZZ19,183,mid_water,B.saida,8,,126,y,183-8,f,im,14.1,y,y,y,y,n,
SKQ201713S,170914,ZZ19,183,mid_water,B.saida,9,,138,y,183-9,f,dev,17.1,y,y,y,y,n,
SKQ201713S,170914,ZZ19,183,mid_water,B.saida,10,,151,y,183-10,f,dev,20.5,y,y,y,y,n,
SKQ201713S,170914,ZZ19,183,mid_water,B.saida,11,,105,y,183-11,m,,9.3,y,y,y,y,n,
SKQ201713S,170914,ZZ19,183,mid_water,B.saida,12,,117,y,183-12,f,im,10.9,n,y,y,y,n,no stomach
SKQ201713S,170914,ZZ19,183,mid_water,B.saida,13,,127,y,183-13,m,,13.4,n,y,y,y,n,no stomach
SKQ201713S,170914,ZZ19,183,mid_water,B.saida,14,,134,y,183-14,m,,16.1,y,y,y,y,n,
SKQ201713S,170914,ZZ19,183,mid_water,B.saida,15,,130,y,183-15,m,,15.3,n,y,y,y,n,no stomach
SKQ201713S,170914,ZZ19,183,mid_water,B.saida,16,,126,y,183-16,m,,13.7,y,y,y,y,n,
SKQ201713S,170914,ZZ19,183,mid_water,B.saida,17,,160,y,183-17,f,dev,25.7,y,y,y,y,n,
SKQ201713S,170914,ZZ19,183,mid_water,B.saida,18,,129,y,183-18,f,im,14.3,y,y,y,y,n,
SKQ201713S,170914,ZZ19,183,mid_water,B.saida,19,,142,y,183-19,m,,17.5,y,y,y,y,n,
SKQ201713S,170914,ZZ19,183,mid_water,B.saida,20,,130,y,183-20,m,,14.9,y,y,y,y,n,
SKQ201713S,170914,ZZ19,183,mid_water,B.saida,21,,152,y,183-21,f,dev,21.6,y,y,y,y,n,
SKQ201713S,170914,ZZ19,183,mid_water,B.saida,22,,126,y,183-22,f,im,13.2,y,y,y,y,n,
SKQ201713S,170914,ZZ19,183,mid_water,B.saida,23,,141,y,183-23,unknown,,16.1,y,y,y,y,n,
SKQ201713S,170914,ZZ19,183,mid_water,B.saida,24,,113,y,183-24,unknown,,12.2,y,y,y,y,n,
SKQ201713S,170914,ZZ19,183,mid_water,B.saida,25,,145,y,183-25,f,dev,19.5,y,y,y,y,n,
SKQ201713S,170914,ZZ19,183,mid_water,B.saida,26,,119,y,183-26,m,,12.3,y,y,y,y,n,
SKQ201713S,170914,ZZ19,183,mid_water,B.saida,27,,114,y,183-27,f,im,10.9,n,y,y,y,n,no stomach
SKQ201713S,170914,ZZ19,183,mid_water,B.saida,28,,119,y,183-28,f,im,12.2,y,y,y,y,n,
SKQ201713S,170914,ZZ19,183,mid_water,B.saida,29,,155,y,183-29,f,dev,21.9,y,y,y,y,n,
SKQ201713S,170914,ZZ19,183,mid_water,B.saida,30,,116,y,183-30,unknown,,11.0,y,y,y,y,n,
SKQ201713S,170914,ZZ19,183,mid_water,B.saida,31,,133,n,,f,im,15.1,n,n,n,n,n,
SKQ201713S,170914,ZZ19,183,mid_water,B.saida,32,,129,n,,m,,14.8,y,n,n,n,n,
SKQ201713S,170914,ZZ19,183,mid_water,B.saida,33,,124,n,,f,im,13.9,y,n,n,n,n,
SKQ201713S,170914,ZZ19,183,mid_water,B.saida,34,,135,n,,unknown,,16.7,y,n,y,y,n,
SKQ201713S,170914,ZZ19,183,mid_water,B.saida,35,,146,n,,f,im,18.1,y,n,y,y,n,
SKQ201713S,170914,ZZ19,183,mid_water,B.saida,36,,131,n,,m,,14.1,y,n,n,n,n,
SKQ201713S,170914,ZZ19,183,mid_water,B.saida,37,,166,n,,m,,26.5,y,n,y,y,n,
SKQ201713S,170914,ZZ19,183,mid_water,B.saida,38,,152,n,,f,dev,20.7,y,n,y,y,n,
SKQ201713S,170914,ZZ19,183,mid_water,B.saida,39,,192,n,,f,dev,40.3,n,n,y,y,n,
SKQ201713S,170914,ZZ19,183,mid_water,B.saida,40,,132,n,,m,,16.1,y,n,n,n,n,
SKQ201713S,170914,ZZ19,183,mid_water,B.saida,41,,131,n,,f,im,16.5,y,n,n,n,n,
SKQ201713S,170914,ZZ19,183,mid_water,B.saida,42,,138,n,,unknown,,17.6,y,n,n,n,n,
SKQ201713S,170914,ZZ19,183,mid_water,B.saida,43,,132,n,,m,,15.5,y,n,n,n,n,
SKQ201713S,170914,ZZ19,183,mid_water,B.saida,44,,152,n,,f,im,19.5,y,n,y,y,n,
SKQ201713S,170914,ZZ19,183,mid_water,B.saida,45,,158,n,,f,im,23.0,y,n,y,y,n,
SKQ201713S,170914,ZZ19,183,mid_water,B.saida,46,,136,n,,f,im,17.2,y,n,n,n,n,
SKQ201713S,170914,ZZ19,183,mid_water,B.saida,47,,132,n,,f,im,16.9,y,n,n,n,n,
SKQ201713S,170914,ZZ19,183,mid_water,B.saida,48,,171,n,,m,,27.3,y,n,y,y,n,
SKQ201713S,170914,ZZ19,183,mid_water,B.saida,49,,148,n,,f,dev,19.3,y,n,n,n,n,
SKQ201713S,170914,ZZ19,183,mid_water,B.saida,50,,123,n,,f,im,14.0,y,n,n,n,n,
SKQ201713S,170914,ZZ19,183,mid_water,B.saida,51,,85,,,,,,,,,,,
SKQ201713S,170914,ZZ19,183,mid_water,B.saida,52,,92,,,,,,,,,,,
SKQ201713S,170914,ZZ19,183,mid_water,B.saida,53,,108,,,,,,,,,,,
SKQ201713S,170914,ZZ19,183,mid_water,B.saida,54,,124,,,,,,,,,,,
SKQ201713S,170914,ZZ19,183,mid_water,B.saida,55,,110,,,,,,,,,,,
SKQ201713S,170914,ZZ19,183,mid_water,B.saida,56,,112,,,,,,,,,,,
SKQ201713S,170914,ZZ19,183,mid_water,B.saida,57,,113,,,,,,,,,,,
SKQ201713S,170914,ZZ19,183,mid_water,B.saida,58,,108,,,,,,,,,,,
SKQ201713S,170914,ZZ19,183,mid_water,B.saida,59,,116,,,,,,,,,,,
SKQ201713S,170914,ZZ19,183,mid_water,B.saida,60,,108,,,,,,,,,,,
SKQ201713S,170914,ZZ19,183,mid_water,B.saida,61,,110,,,,,,,,,,,
SKQ201713S,170914,ZZ19,183,mid_water,B.saida,62,,109,,,,,,,,,,,
SKQ201713S,170914,ZZ19,183,mid_water,B.saida,63,,111,,,,,,,,,,,
SKQ201713S,170914,ZZ19,183,mid_water,B.saida,64,,107,,,,,,,,,,,
SKQ201713S,170914,ZZ19,183,mid_water,B.saida,65,,110,,,,,,,,,,,
SKQ201713S,170914,ZZ19,183,mid_water,B.saida,66,,104,,,,,,,,,,,
SKQ201713S,170914,ZZ19,183,mid_water,B.saida,67,,104,,,,,,,,,,,
SKQ201713S,170914,ZZ19,183,mid_water,B.saida,68,,92,,,,,,,,,,,
SKQ201713S,170914,ZZ19,183,mid_water,B.saida,69,,108,,,,,,,,,,,
SKQ201713S,170914,ZZ19,183,mid_water,B.saida,70,,91,,,,,,,,,,,
SKQ201713S,170914,ZZ19,183,mid_water,B.saida,71,,82,,,,,,,,,,,
SKQ201713S,170914,ZZ19,183,mid_water,B.saida,72,,131,,,,,,,,,,,
SKQ201713S,170914,ZZ19,183,mid_water,B.saida,73,,92,,,,,,,,,,,
SKQ201713S,170914,ZZ19,183,mid_water,B.saida,74,,105,,,,,,,,,,,
SKQ201713S,170914,ZZ19,183,mid_water,B.saida,75,,108,,,,,,,,,,,
SKQ201713S,170914,ZZ19,183,mid_water,B.saida,76,,103,,,,,,,,,,,
SKQ201713S,170914,ZZ19,183,mid_water,B.saida,77,,94,,,,,,,,,,,
SKQ201713S,170914,ZZ19,183,mid_water,B.saida,78,,90,,,,,,,,,,,
SKQ201713S,170914,ZZ19,183,mid_water,B.saida,79,,99,,,,,,,,,,,
SKQ201713S,170914,ZZ19,183,mid_water,B.saida,80,,85,,,,,,,,,,,
SKQ201713S,170914,ZZ19,183,mid_water,B.saida,81,,120,,,,,,,,,,,
SKQ201713S,170914,ZZ19,183,mid_water,B.saida,82,,103,,,,,,,,,,,
SKQ201713S,170914,ZZ19,183,mid_water,B.saida,83,,94,,,,,,,,,,,
SKQ201713S,170914,ZZ19,183,mid_water,B.saida,84,,91,,,,,,,,,,,
SKQ201713S,170914,ZZ19,183,mid_water,B.saida,85,,89,,,,,,,,,,,
SKQ201713S,170914,ZZ19,183,mid_water,B.saida,86,,127,,,,,,,,,,,
SKQ201713S,170914,ZZ19,183,mid_water,B.saida,87,,95,,,,,,,,,,,
SKQ201713S,170914,ZZ19,183,mid_water,B.saida,88,,87,,,,,,,,,,,
SKQ201713S,170914,ZZ19,183,mid_water,B.saida,89,,121,,,,,,,,,,,
SKQ201713S,170914,ZZ19,183,mid_water,B.saida,90,,105,,,,,,,,,,,
SKQ201713S,170914,ZZ19,183,mid_water,B.saida,91,,109,,,,,,,,,,,
SKQ201713S,170914,ZZ19,183,mid_water,B.saida,92,,103,,,,,,,,,,,
SKQ201713S,170914,ZZ19,183,mid_water,B.saida,93,,113,,,,,,,,,,,
SKQ201713S,170914,ZZ19,183,mid_water,B.saida,94,,108,,,,,,,,,,,
SKQ201713S,170914,ZZ19,183,mid_water,B.saida,95,,108,,,,,,,,,,,
SKQ201713S,170914,ZZ19,183,mid_water,B.saida,96,,103,,,,,,,,,,,
SKQ201713S,170914,ZZ19,183,mid_water,B.saida,97,,107,,,,,,,,,,,
SKQ201713S,170914,ZZ19,183,mid_water,B.saida,98,,85,,,,,,,,,,,
SKQ201713S,170914,ZZ19,183,mid_water,B.saida,99,,123,,,,,,,,,,,
SKQ201713S,170914,ZZ19,183,mid_water,B.saida,100,,113,,,,,,,,,,,
SKQ201713S,170914,ZZ19,183,mid_water,B.saida,101,,69,,,,,,,,,,,